"Object","Date","Price","Location","Seller","Image","Link"
"Very Fine Vintage  Peruvian manta cloth antique textiles",,125,"london, London, United Kingdom","arte-facto","https://i.ebayimg.com/images/g/sWEAAOSwyiJddQLe/s-l400.jpg","https://www.ebay.co.uk/itm/Very-Fine-Vintage-Peruvian-manta-cloth-antique-textiles/254353629972?_trkparms=ispr%3D1&hash=item3b38a86314:g:sWEAAOSwyiJddQLe&enc=AQAEAAACQBPxNw%2BVj6nta7CKEs3N0qUhCXoVJVJIw25oDCsBC93%2BlL%2FHSaZQISoQMLMhH11NESOwVCoLiI9L4HKsJwmqweRG%2BWL4TYgmjqJE9SFhKndTg3vDkj0Z%2BkVs14k3Z02oDX%2Fzqwm68%2B0lIg1zNBvFUkoa6DaLAkJJeD0YjjcoL58X5qDL6feQT1aZshO4vzbBwD3hZXRxWCeQWBwiUadQLwMBhfrfet5XFxXpCAJgGCULXW48UqgdgQn6mAmVqdEBya9jDAfdI2%2FX8vLjIMmwTE%2BSH0kxS6I4Z%2FP6ajm77OPNGiY7rWLi8P9iPzQpCtlisLNmVdiMY2SncMYE95rGrxfsb32O%2B3CgThfpwhz63iZNjnRshkUSjWQ5ECMLVwJexCN1dQ6O0xOkVf4IHlzZsUbwedBFSSj%2FvGHi34stxuEZdkF4hJE6kEonXpmMmPje7eVWtzYGwZyevTMnA%2Bo5dyjR31vOG5Zb6GPh4dN%2Bb80u95UKMXxp3UHqbpu%2BjVP1xaoKMcPDSjwHHIo4Ama3D6R6WrD7jE9n1J8ctGcmtyu8G4Ph4JRdBiaVgAfFJ5WWj1DBk1NVSmPIx2skHZnkLqblJEXIaBUtywulz%2FvNvJR0%2F%2Fa01FVLvI1izal3gObG1vbTiOiiLB6oqP757ZlUp%2Fu1DH6%2FqJ4e7KCx2n15dvPzgHIN%2BD7X3UoF4OXu0UGehh7CnnhW2QGUPONxnVK1PYShqxmWk0rILDYsUSKDSvYJr1R0ujB%2FxclroXzm3DTJ0w%3D%3D&checksum=254353629972717f3bfe6f2841499dea77ee698dd7d6"
"Rare ancient egyptian antique blue glazed faience statue of Sekhmet 1550-1069 bc",,95,"masr el gededa, Egypt","mr.luxor","https://i.ebayimg.com/images/g/DVgAAOSw7aBeJNCb/s-l400.jpg","https://www.ebay.co.uk/itm/Rare-ancient-egyptian-antique-blue-glazed-faience-statue-of-Sekhmet-1550-1069-bc/313021410740?_trkparms=ispr%3D1&hash=item48e187adb4:g:DVgAAOSw7aBeJNCb&enc=AQAEAAACQBPxNw%2BVj6nta7CKEs3N0qVfy5flT0lkrnVrSC2217gBiVMOh2ffPU7pObEkwMdIfW1fmXD8jS8n01TXlVc0u9mal8l2e16Y%2BsvdE1Ke%2Fckp%2F3fTxkd1TWEpD9%2B4gnov%2F%2BXvNfZ7JDIXNzd%2BwwF7jHK5yRu8zBbyLXmhLpJY8A8ckapk052YTWNaSD0aezEUgIKznAvjW%2BGCX0pZpuV7c71ZJbet7MioImG4Trh1yGgEt0vf5lehEOvGirN67UeIuIOX9hL486UTUD%2BiFYn%2BEFVrSq9iOxvysdYS2FTzIQ8Jxir0WX3Gaf7KhkBZH5w4d9OUCyw8WmI%2B0q5cOxGRIWQ3ZvmFyWTqWjemYEocKom4Fs1fOk7zQ7IYMG5EWeyARlZdOcbjqUmgARgXHJ%2FxYmDVuM%2FFkxv%2BvjVEH6Dj1v90J6fJ%2B9MdTWMe5h7dHSd%2BDDVMWEfadhebl5zhOCWsFDpez7y8mQ1ClVtaZJjCR1ZpI1fzQvocHJxObd6JQNQaVpcInGfr9whxDQQGmBb5jTHBZf0ZxDyn%2FfLdQRoerh42TEEh2TwGnsfTknY3E7qlfN2WFn7lCR7%2FLn%2Fo3DLx87RQxEcveCKXF7zUYCXDWTZSr9cGa0TzzKLeE%2BvWouxp0Ip5786zWNkP4NrY6CB82AqYl7eUW9aSI%2Fjhi44ssDjXAGfBlLY2tL5qYyfolbszUHL5h5CK61cRsrist1DA%2FjpGZfJRLtG0ldRrJcYb5kjflR7TcZmxQ%2BK1wa8SNXig0g%3D%3D&checksum=313021410740717f3bfe6f2841499dea77ee698dd7d6"
"Antique Bronze Egyptian Throne Scale Replica of Tutankhamun Ceremonial Chair",,85,"Belper, Derbyshire, United Kingdom","lucysquarepants","https://i.ebayimg.com/images/g/C4EAAOSwOEJeMYoA/s-l400.jpg","https://www.ebay.co.uk/itm/Antique-Bronze-Egyptian-Throne-Scale-Replica-of-Tutankhamun-Ceremonial-Chair/202892177872?_trkparms=ispr%3D1&hash=item2f3d50f1d0:g:C4EAAOSwOEJeMYoA&enc=AQAEAAACQBPxNw%2BVj6nta7CKEs3N0qUd%2BN2mOg%2FH19dsIhlQ8oV%2BwQKeSXZruKoNdzP%2BlM8YDmzOrs3Za7hDWLw%2F4Gsi2iFbZrkAseM312mlnp26nla14ovQJbUikwpJXgfrdl1R35xQyjc7Ou%2FootSITF4sjUcO2rDJ80KXXh4qm%2Bvo8wB1bvhqdfLzisxwWAUGYso7%2FiwvYxLrNmj0kJtvWvGpB%2FExJr6kMU70O1WCm3LlSMxif1uXhMVed4%2Bxy48VQ4Y%2F%2F%2Fyka9YjEW5hSpsEtM3ji02bj8Crsn4ligkwx%2FHlToh2hjZlhQ%2B3INqEWcosyIEjCYzjcgSZm%2BEAgwLaDqyhH6491Nt%2FcETXNv0hcf0TIW8S0xlPeqD%2BUcMqNjV1gdKCbC0vNzc23upikVYSjNqGwaA8m%2FOOnA6dPzLDTY1aZY5niVfF2lOsogRgJIGiOO9DJwp8RD68O6ztFj%2FuABmPbmqRKzeRmFqFY0sLActmK576VFIq4eDD4ifI1ja3bd7Gfm2hoVwwKgyfmY0VuZH8QISDNLkneC8GIQI%2BlnTmElFG%2FMjTeXIFPMfFB%2F2cdlxFySdKaCoz7FZcHZRggtQ%2FRsjp2hEZ9aiIyAuEOAitU%2FMq18BzwFcUVD4eSz%2Fd17sB7eRfPxoEMv4OwvpChiDUIy6LISUiTmRMwwZtAVS6e%2BttweC1aHANh1Y5fUcexS1Ak%2BSWJ3OUoRx8RRiy7VfcVdF6TwnGN1udxBjFWv7jaa8dS8wSzYWmVMk2C%2B2SLDZ5%2Bw%3D%3D&checksum=202892177872717f3bfe6f2841499dea77ee698dd7d6"
"EARLY CHRISTIAN SILVER CHI-RHO RING",,149,"Evesham, United Kingdom","svistoy-26","https://i.ebayimg.com/images/g/9WcAAOSwYABeR8yO/s-l400.jpg","https://www.ebay.co.uk/itm/EARLY-CHRISTIAN-SILVER-CHI-RHO-RING/312994742257?_trkparms=ispr%3D1&hash=item48dff0bff1:g:9WcAAOSwYABeR8yO&enc=AQAEAAACQBPxNw%2BVj6nta7CKEs3N0qUA6bIaL78VGNzZPLMAZjfxYEfbV8vdiGaGkUgqw4jyJE%2Bmm99nI3f%2BDOm1QCwZAKNO%2BtsF%2FOGzR7dazTo49DQQcrYJUwCokwP5xyFK8rnJl4c5S40TgHAcZq%2FOSqDRLbo8V0%2B0IWdNVo8konQVmNucxdSj9biIEawpXaylFbxu4Wrp5OsIX1WDx68xi%2B1SKJCAmGiH8tNlJLIh1gr512yDcXBlUIT0hoP4ZqFuDHMvYSbDwet%2FO2fDiOWA91ReEQx6h2VQo3%2B6maKv54lMA13%2FukENORg5L1vX7VE0zM3ILClSIbhZcRzIqONZ5MNgrzCl2q8Xj1kHUmSl2juwrzAG1MP7ByDRFBfKvjx3AKtoekHEhDnYtZFcm9%2FEP6JjKtnxDA2YYNI7%2F218MS71Dme75p3usvihp7YdNErYOYomyKFp%2Bm6BcadKmVwAgwXQ4sMUejVbN26WYehQ5rQbKckC98X%2FCHfqbtgvdET%2BMqsW4eKWeqH3W1bEo%2FZo86Ud%2FYXkQOppPguijVkHt%2FwVRNzTdJul2cCA2rpwpS%2BJzKqMwzlyEGOEFzVQ6Y1mfpn%2FSfTrx7jOmFL6ed26Z1zdOcZ3L5Ru4WSCMKsaqHEXEEwo7SB8stK%2FY%2BAmWGDpd7a16gZVhVCDrSjArT%2FE3uQtFUqts%2Bb5ilig0XRhMoWqSAZXiO4z8u%2BcPO5PFJukGz%2B7A4xss%2BR0OAPnE7%2FgbXoTSNZUX0fyE8F7xzu0g%2BY%2BhnEHmA%3D%3D&checksum=312994742257717f3bfe6f2841499dea77ee698dd7d6"
"BIRTHDAY/ANNIVERSARY GIFTS.DETECTOR FIND & POLISHED,200-400 A.D ROMAN AE RING.",,65,"birmingham, United Kingdom","britania.treasures","https://i.ebayimg.com/images/g/QzQAAOSwIgZeG2y9/s-l400.jpg","https://www.ebay.co.uk/itm/BIRTHDAY-ANNIVERSARY-GIFTS-DETECTOR-FIND-POLISHED-200-400-A-D-ROMAN-AE-RING/312942453976?_trkparms=ispr%3D1&hash=item48dcd2e4d8:g:QzQAAOSwIgZeG2y9&enc=AQAEAAACQBPxNw%2BVj6nta7CKEs3N0qXqF1v6BlPM4s8lT3PO9zJqgwake2me0jz8AgIEB9QtOquw8qIq%2BFREWtauckKUy7mY%2BRa6QH5B%2FUTC5D70bYrW4nykkr09jFIUm5ugo%2Fa8ibCizi8BdmQV6atBESeCRc%2F4dTCMpKt4WP2RZ10sEpT5FvnrrkXcQxHGvDHzG1aq2l3hmqg5F8OJbWPpZjq7qPQQEpKxwaXl67UDg3so%2BoqOxKTHpyb3SDF84W6rSTCZlBYlQTkuTGxKBzkfd213vdypkLkti5sKHVyoU%2BlH3gO1zlRCIR%2F3yFQ9fv2X3e7z6gVjfoKLHObo9sYUSDot1An3ar9LGcQux4XOSu8VPeC3O%2BjBqEazo9w9886cr%2BH4VbNPEqlHGCfmRklWuWYa5rQaj57kKU5NKKxADIKdRvEH6j2sWQP4wBGrnbfh7Raj%2BxhQSLVdmm02f1Dp9r6MiuWfT5v3gM2dHDZPjnyMPIVmDNL%2FsEqDUcaqDa2TXytVTTttQqSMupsHteeKc91%2FdVc7jnuEQPBCoWWY7pjcCStFenBP%2BUFI9xDI%2Bw%2FS38%2BzE%2BlYC1OMC6TP%2Bq%2ByX1BFkU5AOFT9aoHS52ezr6arjetYqLCu5PXbc4V6%2B6aXV1x723qDs4NsI%2FMRmZPhN9JVS2HP7JaveTkSRnTCqJsVAgYkULqfmot%2BdC04QgWkWL%2B3LfgCfQgoU2VZ02g1luP%2BuVKEC5Uei5B8xU%2Fl%2BkfneDIweIVyRiCmkOHWMXgPC8KXjQ%3D%3D&checksum=312942453976717f3bfe6f2841499dea77ee698dd7d6"
"Metal detecting finds job lot",,15,"Kilmarnock, United Kingdom","nickynack85-9","https://i.ebayimg.com/images/g/5b4AAOSwlSZeZij5/s-l400.jpg","https://www.ebay.co.uk/itm/Metal-detecting-finds-job-lot/164116881372?hash=item263620dfdc:g:5b4AAOSwlSZeZij5"
"UNUSUAL ANCIENT ROMAN RING WITH CAST DECORATIONS-METAL DETECTING FIND",,2.99,"Chester, United Kingdom","plumpton-antiques","https://i.ebayimg.com/images/g/tIIAAOSwGFVeZkjp/s-l400.jpg","https://www.ebay.co.uk/itm/UNUSUAL-ANCIENT-ROMAN-RING-WITH-CAST-DECORATIONS-METAL-DETECTING-FIND/254536143744?hash=item3b43895380:g:tIIAAOSwGFVeZkjp"
"Marble Bust of Roman Emperor Lucias Verus on a large base, Classical Sculpture.",,89,"Welling, United Kingdom","cooperwoodhouse","https://i.ebayimg.com/images/g/LfIAAOSwaTZbV47I/s-l400.jpg","https://www.ebay.co.uk/itm/Marble-Bust-of-Roman-Emperor-Lucias-Verus-on-a-large-base-Classical-Sculpture/143551093835?hash=item216c4fdc4b:g:LfIAAOSwaTZbV47I"
"V RARE ANCIENT BABYLONIAN BRONZE RECTANGLE SEAL DEPICTING 4 FIGURES CIRCA 1800BC",,0.99,"Beccles, United Kingdom","ancienthistoryltd","https://i.ebayimg.com/images/g/3FQAAOSwXMZeXoYM/s-l400.jpg","https://www.ebay.co.uk/itm/V-RARE-ANCIENT-BABYLONIAN-BRONZE-RECTANGLE-SEAL-DEPICTING-4-FIGURES-CIRCA-1800BC/274300261093?hash=item3fdd91d2e5:g:3FQAAOSwXMZeXoYM"
"Vintage purple stone set brooch. Metal detecting find",,0.99,"LANCASHIRE , United Kingdom","alexanderscave","https://i.ebayimg.com/images/g/YwoAAOSwOdBeUiw5/s-l400.jpg","https://www.ebay.co.uk/itm/Vintage-purple-stone-set-brooch-Metal-detecting-find/383453405477?hash=item59479aa125:g:YwoAAOSwOdBeUiw5"
"BEAUTIFUL ANCIENT EGYPTIAN STONE GOLD GILT SCARAB WITH HEIROGLYPHS",,0.99,"Didcot, United Kingdom","antiquiti","https://i.ebayimg.com/images/g/bdEAAOSwY3VeX9DC/s-l400.jpg","https://www.ebay.co.uk/itm/BEAUTIFUL-ANCIENT-EGYPTIAN-STONE-GOLD-GILT-SCARAB-WITH-HEIROGLYPHS/153853608058?hash=item23d263c07a:g:bdEAAOSwY3VeX9DC"
"BEAUTIFUL ANCIENT EGYPTIAN WOODEN HIEROGLYPHIC STATUE 300 BC (1) LARGE !!!!!",,0.99,"Forest Row, East Sussex, United Kingdom","hands_of_history","https://i.ebayimg.com/images/g/KOUAAOSweaReZi2G/s-l400.jpg","https://www.ebay.co.uk/itm/BEAUTIFUL-ANCIENT-EGYPTIAN-WOODEN-HIEROGLYPHIC-STATUE-300-BC-1-LARGE/313022848646?hash=item48e19d9e86:g:KOUAAOSweaReZi2G"
"Antique Cup And Bowl In Chinese Style",,0.99,"Shrewsbury, United Kingdom","eireland00","https://i.ebayimg.com/images/g/xi4AAOSwq15eGwtT/s-l400.jpg","https://www.ebay.co.uk/itm/Antique-Cup-And-Bowl-In-Chinese-Style/254534683916?hash=item3b43730d0c:g:xi4AAOSwq15eGwtT"
"CIRCA 1400-1500 AD ANCIENT ISLAMIC SEAL STAMP PENDANT ARABIC INSCRIPTIONS",,39.99,"Didcot, United Kingdom","antiquiti","https://i.ebayimg.com/images/g/KC4AAOSw409eYl8Q/s-l400.jpg","https://www.ebay.co.uk/itm/CIRCA-1400-1500-AD-ANCIENT-ISLAMIC-SEAL-STAMP-PENDANT-ARABIC-INSCRIPTIONS/153855641029?hash=item23d282c5c5:g:KC4AAOSw409eYl8Q"
"UNIQUE GIFTS,DETECTOR FIND & POLISHED,200-400 A.D ROMAN MILITARY EAGLE AE RING",,42,"birmingham, United Kingdom","britania.treasures","https://i.ebayimg.com/images/g/XAcAAOSw1W5eWt3d/s-l400.jpg","https://www.ebay.co.uk/itm/UNIQUE-GIFTS-DETECTOR-FIND-POLISHED-200-400-A-D-ROMAN-MILITARY-EAGLE-AE-RING/313014131544?_trkparms=ispr%3D1&hash=item48e1189b58:g:XAcAAOSw1W5eWt3d&enc=AQAEAAACQBPxNw%2BVj6nta7CKEs3N0qUrZDIsG9uIqEk3fVaDzynmOfIXd7Ot2oRpujEvdi4fo97%2BSspaCG39MS3Bn6j%2FyJu5aJ%2FQZxomoGaeDkMwUyU%2F7%2B7rSBsEb%2FFa4SBwA2LLozuk%2FEZ0%2BW%2FQ92Dk6cUpNCDsXdmLbuY8wvxfizpqVP%2FSecAhdlb7Yx5G3eyQLfZnllg8bks0J0x7zTazYst4eDcZAMfQVhwEfemg%2BTk0OaBzNNPaOdeloOyt6xW0tV5bgps0x1p5M%2FUEO9q3JzhyqFpLXYcs3dj9GELMuKq3GXcJ0%2FgAiPNHSAwZ7d0JF%2BayVgtHofUokYYrew9qr1YEsTbmM6ibNpFI%2Bv%2BDdSZK%2FbQ2Uh3AH1LdzhXt50cC7%2Bu%2B4MWVzoqjIGaKGZsLPJNa7H9MuWS3x0ZgTjisXqmou96dwXSimKQlJp4yZilwT%2BidQIgTjVZapBpIpHVfZfHuOkIwlgPbZbXtBPVF2RmtTL%2F71W7VEZb%2FP9vxg7%2BUl8p5jtKoSLTw9xlIiLWKZQnlhX6N4roRidFkbQWmvtElzxwzUku1H5NaYlnhOhO%2FbKytMRtsrg0QIWxV0IiKE%2FBQIseC%2BbE75fLwlK3XSSKQFkYM0Rnw5RinHvJYNT9iu3893Mz%2Fgkq9Z%2FGyLy%2FI95kMCrBbMtwFpmdPkYbyZ0TC5yiBxbCqjgJP7b%2F7shIz4U%2BQZv5UVmdIQ7A8Fs4BmRZLoMJlevkK4JxAT4OKvAmio2pZ1n6CmHx7Z837EsbhLcmREQ%3D%3D&checksum=313014131544717f3bfe6f2841499dea77ee698dd7d6"
"FINE POST-MEDIEVAL SILVER GILT RING WITH TWO HEARTS AND LEAF-SHAPED ORNAMENTS",,169,"Evesham, United Kingdom","svistoy-26","https://i.ebayimg.com/images/g/nO0AAOSwOJheXNX0/s-l400.jpg","https://www.ebay.co.uk/itm/FINE-POST-MEDIEVAL-SILVER-GILT-RING-WITH-TWO-HEARTS-AND-LEAF-SHAPED-ORNAMENTS/313015574331?_trkparms=ispr%3D1&hash=item48e12e9f3b:g:nO0AAOSwOJheXNX0&enc=AQAEAAACQBPxNw%2BVj6nta7CKEs3N0qV5iVtv13QxKVFaP%2FdfjPXv2u059EykkvjaKb3ZIHS8spdGzxPCpnx6wyNPjllrCb9JmDKrpUaszZOiYphn0gxxP2MmU%2BWR2u0VUp84AY%2BUolBFG2mzUF3SR%2Fcv75JqN9xDQtn99BXR7JILjs2Y2D%2B%2B1cgrA2DDxTgj91AhKWISceQ5sBaxfV4RqK%2FAnbcj344%2FQVZ%2BkfmwAaBNR6HnsiT02QBtkbYFnm3vM5Ni%2Bc3nN0NQs4lvzxI1wjyyTOxxeNS8U60GvFuIXQCF6QRLIA1PJyMPIJeqQz1%2FGlj8Z%2F95XioD7PlBf8iGAqY5X9I593b7J%2FVMC7tdUp6oGUXS1Xfew%2Fy7n9skAndixqEfjXF3RhCpRWlu2Wrtqq7yP6EW7xIV11XLD%2F9xfrosvtAuw0vkNAldG74sMKSoRkE6wCNCi%2FVtU4jukERpXYb0u60QE3ecAgymuGDijj02xoSCO9xvoJZOhMd6avMVE0GjAxY86JHqNAWD6VpXXf8rmJ8krQ%2Bw4uk6w9awUGJ3WUlt6MlsUdTELT4CmIb%2FdkufUpdovJ3OTSOHfMv%2Fev7ZwF8yyI6URoDHM7prbh9%2BtYTywX9Z%2Fof3CB56iLt1E0Q842ICMrpNOUATS1K5G0YDIsbuVs0GZ2JQjACpU7NjYiSsJADiuQUIs0nxniCBgjOwx6qBsfAoFxrn2%2F89z8aDAfh5TY2jGaVVrFmW0zqVlmbOf%2BnbcKKKOvvu9lPxZMfqi13exQ%3D%3D&checksum=313015574331717f3bfe6f2841499dea77ee698dd7d6"
"1ST CENTURY BC LION HEAD ROMAN STATUE HEAD APPLIQUE /AMULET /AUTHENTIC",,229,"Burton upon Trent, United Kingdom","coin.empire","https://i.ebayimg.com/images/g/DrgAAOSwDElb4Mza/s-l400.jpg","https://www.ebay.co.uk/itm/1ST-CENTURY-BC-LION-HEAD-ROMAN-STATUE-HEAD-APPLIQUE-AMULET-AUTHENTIC/163357047202?_trkparms=ispr%3D1&hash=item2608d6b9a2:g:DrgAAOSwDElb4Mza&enc=AQAEAAACQBPxNw%2BVj6nta7CKEs3N0qUp7mycIo%2BXn1PuxFowI3Cl9ASTIpBLOjDmikZXSOA8ICsjlvNOLPkN7b%2F8g9AdkBJC61EvwRMlq9IdCVJsPsXZPSTQKARo8s%2BNt0XiVmyqDRlyCcB6nwQfOTsEu81k76FCzJMQx9saj38IR8iOesDLv2bLfTOXWfrh0Bn3w5vIUqKos1xsIaz7ucXncNZ8aBqPEWKEHUWyt8H2wuP3EhjKfOQ21904fnZA6%2FI6MNmZk7z%2FHvFXJsrpneA6fxt6BGW2FwMzMnAnjObYPhVc4UmMBUPs0YWmmVMLp2eILesFa%2FEvo1ZI%2BZWk2WaxXfCrZkeM%2F17B1wu6TSq2Qtc3RgRI3oGnFyTcSyYgZzOQIvvdmWI3fzTA0jZlGEd5qtG%2BBf13GascwChxiiwD6LOYUwcFAKV%2BgEJWbpok87HuYsQbwD%2Boc%2BY9RlfzrRULkMbx8SMs2GAukRcMQbk3eq0Zqpvrr4rrbIIS3NoW87rqfZ1OZy22yEaCg6jahn9B%2FwqIrgxhLOME8mtBU5L5QYK2QHNaXIk94G0JhWc0WcfqKHvyJgnGUEI%2F20sGvm2%2Bqw4bVTW0cnoreDG4wdeZuNGGHzIxyRzzvkO2euhEUNraoD%2Fw6Dz90pkySvLTzSeH7Sql1LhLoYKyYZfo6UPZPW1k403qPykT0bkZ0qEwvqV%2BOwbn4VSm8uJAtV3yQmxAxl1ykr7N2mhaJnzeSEym%2B%2BgtCwLx%2F709xHlleyOCmfWMz5khFw%3D%3D&checksum=163357047202717f3bfe6f2841499dea77ee698dd7d6"
"MEDIEVAL VIKING BRONZE AMULET PENDANT WITH SOLAR SYMBOLS 9-11  AD.",,40,"Manchester, United Kingdom","hermesancient","https://i.ebayimg.com/images/g/2A4AAOSwSWReAlcx/s-l400.jpg","https://www.ebay.co.uk/itm/MEDIEVAL-VIKING-BRONZE-AMULET-PENDANT-WITH-SOLAR-SYMBOLS-9-11-AD/254535174645?_trkparms=ispr%3D1&hash=item3b437a89f5:g:2A4AAOSwSWReAlcx&enc=AQAEAAACQBPxNw%2BVj6nta7CKEs3N0qUSZ%2Fvhq%2Fu7CS5hqWnsowUHAqk2b9xkmTcfDpHK2IhBkepJO6N8g3D9mEls30iwhdtuUHL5DfzlGToZ6XD%2FQKh%2BuRjrsGNpwdWUZJnSmtJqfIl5UCqGt2mqxk27idOiGS2Oqwg4cJiekoP5uuchve7u%2FhTcDpXK06DTN1BVxnnAn5RBdv%2BhCmZG11%2FRV3FHZqmppe0BKUMwKF6ZJ8bZc5Ixj45hq4u9IJx973Z4BxFkdf5dmKqEW%2FoSmUnBMbvZ7DXT%2B4kw9Zqr2A0FmtMGvjS5qVbm91k6A7QH24HSU14GM0B9J1J5WPRO4YwuTBIKN76z24g2oK%2FWIK9yXbaze2UMOINhLY1%2BVB3Sv%2FPcKNr9js0cycsQU5IJoxT8kNuABW5W1zuiRGWaz3I4m2PZo0dS19ll8E%2FC%2FX%2F9Vu%2FhnWzN5j9UYxkr7Yv88120Zl9B2L98GdfhjmemJNde0uv0nmVyTl8vuBN9nqlA%2FcXZuq1pllDw0psi7RE%2BRA01htyZ67szIhud7BwI%2F%2FVjkJvHfxChj5i0LqY0kulQxPQLbc5LdqotbonuuABhsHk66VoKgLKs%2Ffen9%2BF1t%2BoklNSjpE6lxRgJx2Uma9Q17OEbJ9cp7SzL68IEk00QoYjRRnncH5rm9QQBllBMWLTwbzJEjYvYpDTY5H%2BPH9g1TEPR%2BdimmsTNOY%2BSMfGaMAU4e22STXxHqOImnYnYpCCnnTxZgqqMOFsYgsu9UZ7eKMS0msH8Iw%3D%3D&checksum=254535174645717f3bfe6f2841499dea77ee698dd7d6"
"MEDIEVAL TO VICTORIAN LEAD BAG SEALS METAL DETECTING FINDS",,1.99,"Eastleigh, United Kingdom","sparkles310","https://i.ebayimg.com/images/g/PbkAAOSwQYxeZVoR/s-l400.jpg","https://www.ebay.co.uk/itm/MEDIEVAL-TO-VICTORIAN-LEAD-BAG-SEALS-METAL-DETECTING-FINDS/233519558186?hash=item365ed9ae2a:g:PbkAAOSwQYxeZVoR"
"medieval seal matrix",,5.5,"Norwich, United Kingdom","belh-simo","https://i.ebayimg.com/images/g/p2oAAOSwifheZUXo/s-l400.jpg","https://www.ebay.co.uk/itm/medieval-seal-matrix/114143672996?hash=item1a937e3aa4:g:p2oAAOSwifheZUXo"
"Interesting antique yellow gold tone disc. Metal detecting find",,0.99,"LANCASHIRE , United Kingdom","alexanderscave","https://i.ebayimg.com/images/g/~8wAAOSwHgdeY52p/s-l400.jpg","https://www.ebay.co.uk/itm/Interesting-antique-yellow-gold-tone-disc-Metal-detecting-find/383453468111?hash=item59479b95cf:g:~8wAAOSwHgdeY52p"
"MEDIEVAL ANNULAR BROOCH DETECTING FIND",,5,"cambridge, United Kingdom","sajnos12","https://i.ebayimg.com/images/g/eKoAAOSw931eZUaG/s-l400.jpg","https://www.ebay.co.uk/itm/MEDIEVAL-ANNULAR-BROOCH-DETECTING-FIND/293504446221?hash=item44563a6f0d:g:eKoAAOSw931eZUaG"
"Military Badges Job Lot WW1 WW2 Metal Detecting Finds",,9.99,"Newtownards, United Kingdom","wildie91","https://i.ebayimg.com/images/g/3xcAAOSwq29eZVxF/s-l400.jpg","https://www.ebay.co.uk/itm/Military-Badges-Job-Lot-WW1-WW2-Metal-Detecting-Finds/254535182378?hash=item3b437aa82a:g:3xcAAOSwq29eZVxF"
"METAL DETECTING / DETECTOR FINDS",,3.2,"Waterlooville, Hampshire, United Kingdom","the-rod-father","https://i.ebayimg.com/images/g/pw0AAOSwZrBeZQJE/s-l400.jpg","https://www.ebay.co.uk/itm/METAL-DETECTING-DETECTOR-FINDS/184202430549?hash=item2ae3520855:g:pw0AAOSwZrBeZQJE"
"Nice Lot of Metal Detecting Finds",,8.95,"Nottingham, Nottinghamshire, United Kingdom","nottscollectables51","https://i.ebayimg.com/images/g/Pl8AAOSwu6teZlOX/s-l400.jpg","https://www.ebay.co.uk/itm/Nice-Lot-of-Metal-Detecting-Finds/174215016098?hash=item2890062ea2:g:Pl8AAOSwu6teZlOX"
"MUSEUM QUALITY ROMAN ANCIENT BRONZE MILITARY SPEAR OBJECT ARTIFACT- 100 A.D. (5)",,0.99,"Forest Row, East Sussex, United Kingdom","handsofhistory","https://i.ebayimg.com/images/g/6HIAAOSwekpeZnL~/s-l400.jpg","https://www.ebay.co.uk/itm/MUSEUM-QUALITY-ROMAN-ANCIENT-BRONZE-MILITARY-SPEAR-OBJECT-ARTIFACT-100-A-D-5/333540464016?hash=item4da88f9590:g:6HIAAOSwekpeZnL~"
"Thick Gold Tone Band Ring - Metal Detecting Find",,0.99,"Preston, United Kingdom","bumblebees_attic","https://i.ebayimg.com/images/g/DZUAAOSwS3JeZRnG/s-l400.jpg","https://www.ebay.co.uk/itm/Thick-Gold-Tone-Band-Ring-Metal-Detecting-Find/133355340069?hash=item1f0c990125:g:DZUAAOSwS3JeZRnG"
"DETECTOR FINDS ANCIENT VIKING BRONZE RING WITH RUNIC ENGRAVINGS",,34.99,"Didcot, United Kingdom","antiquiti","https://i.ebayimg.com/images/g/8WgAAOSwiiZeYSTa/s-l400.jpg","https://www.ebay.co.uk/itm/DETECTOR-FINDS-ANCIENT-VIKING-BRONZE-RING-WITH-RUNIC-ENGRAVINGS/153854606626?hash=item23d272fd22:g:8WgAAOSwiiZeYSTa"
"Antique silver rings 1921 George the V th silver ,antique sulver ring qith stone",,0.99,"London, United Kingdom","area51-89","https://i.ebayimg.com/images/g/PDMAAOSwmwheZBbe/s-l400.jpg","https://www.ebay.co.uk/itm/Antique-silver-rings-1921-George-the-V-th-silver-antique-sulver-ring-qith-stone/124110276633?hash=item1ce58c8819:g:PDMAAOSwmwheZBbe"
"QUALITY ROMAN IRIDESCENT CLEAR GLASS BOTTLE 1st CENTURY AD",,0.99,"Leeds, United Kingdom","whackylyn","https://i.ebayimg.com/images/g/DJEAAOSwxdVeZUcH/s-l400.jpg","https://www.ebay.co.uk/itm/QUALITY-ROMAN-IRIDESCENT-CLEAR-GLASS-BOTTLE-1st-CENTURY-AD/184202807763?hash=item2ae357c9d3:g:DJEAAOSwxdVeZUcH"
"ROMAN ANCIENT ARTIFACT SILVER RING WITH TWO PHALLUSES",,9.99,"West Sussex, United Kingdom","gosh_diamond","https://i.ebayimg.com/images/g/e9cAAOSwT75d5WNg/s-l400.jpg","https://www.ebay.co.uk/itm/ROMAN-ANCIENT-ARTIFACT-SILVER-RING-WITH-TWO-PHALLUSES/174213425402?hash=item288fede8fa:g:e9cAAOSwT75d5WNg"
"1.8kg Mixed Metal Detecting Finds Coins And Artifacts",,20,"Liverpool, United Kingdom","woolton-coins_and_artifacts","https://i.ebayimg.com/images/g/uGcAAOSwGFVeZk2v/s-l400.jpg","https://www.ebay.co.uk/itm/1-8kg-Mixed-Metal-Detecting-Finds-Coins-And-Artifacts/254535777681?hash=item3b4383bd91:g:uGcAAOSwGFVeZk2v"
"BEAUTIFUL LATE ROMAN SILVER SEAL RING WITH EMPEROR DEPICTION ON BEZEL",,0.99,"Didcot, United Kingdom","antiquiti","https://i.ebayimg.com/images/g/VfoAAOSwSa9eYNGp/s-l400.jpg","https://www.ebay.co.uk/itm/BEAUTIFUL-LATE-ROMAN-SILVER-SEAL-RING-WITH-EMPEROR-DEPICTION-ON-BEZEL/153854369231?hash=item23d26f5dcf:g:VfoAAOSwSa9eYNGp"
"METAL DETECTING / DETECTOR FINDS",,1.99,"BANBURY, United Kingdom","made_in_wawa74","https://i.ebayimg.com/images/g/gywAAOSw7QdeZQ39/s-l400.jpg","https://www.ebay.co.uk/itm/METAL-DETECTING-DETECTOR-FINDS/283808394638?hash=item42144c6d8e:g:gywAAOSw7QdeZQ39"
"ANCIENT ROMAN BRONZE OIL LAMP WITH HANDLE 1ST CENTURY A.D. (2)",,0.99,"Forest Row, East Sussex, United Kingdom","hands_of_history","https://i.ebayimg.com/images/g/MXAAAOSwLfNeZkbb/s-l400.jpg","https://www.ebay.co.uk/itm/ANCIENT-ROMAN-BRONZE-OIL-LAMP-WITH-HANDLE-1ST-CENTURY-A-D-2/313022936645?hash=item48e19ef645:g:MXAAAOSwLfNeZkbb"
"STUNNING TOP QUALITY CARNELIAN INTAGLIO SEAL STONE RING (9)",,0.99,"Forest Row, East Sussex, United Kingdom","hands_of_history","https://i.ebayimg.com/images/g/SkgAAOSwqiReZnSk/s-l400.jpg","https://www.ebay.co.uk/itm/STUNNING-TOP-QUALITY-CARNELIAN-INTAGLIO-SEAL-STONE-RING-9/313023074551?hash=item48e1a110f7:g:SkgAAOSwqiReZnSk"
"RARE ANCIENT PHOENICIAN PENDANT WITH GOLD DECORATION. SUPER QUALITY (1)",,0.99,"Forest Row, East Sussex, United Kingdom","hands_of_history","https://i.ebayimg.com/images/g/6x0AAOSwC4ZeZi6Y/s-l400.jpg","https://www.ebay.co.uk/itm/RARE-ANCIENT-PHOENICIAN-PENDANT-WITH-GOLD-DECORATION-SUPER-QUALITY-1/313022851231?hash=item48e19da89f:g:6x0AAOSwC4ZeZi6Y"
"RARE ANCIENT ROMAN BRONZE PERIOD BUST STATUE - 200-400 AD (9)",,0.99,"Forest Row, East Sussex, United Kingdom","hands_of_history","https://i.ebayimg.com/images/g/TaMAAOSwWG5eZnwU/s-l400.jpg","https://www.ebay.co.uk/itm/RARE-ANCIENT-ROMAN-BRONZE-PERIOD-BUST-STATUE-200-400-AD-9/313023112478?hash=item48e1a1a51e:g:TaMAAOSwWG5eZnwU"
"OFFER ENDS,DETECTOR FIND & POLISHED,900-1100 A.D VIKING AE AX AMULET/NECKLACE",,34.99,"birmingham, United Kingdom","britania.treasures","https://i.ebayimg.com/images/g/aykAAOSwxeVeXBMv/s-l400.jpg","https://www.ebay.co.uk/itm/OFFER-ENDS-DETECTOR-FIND-POLISHED-900-1100-A-D-VIKING-AE-AX-AMULET-NECKLACE/313015014364?_trkparms=ispr%3D1&hash=item48e12613dc:g:aykAAOSwxeVeXBMv&enc=AQAEAAACQBPxNw%2BVj6nta7CKEs3N0qXXlKIK%2Bu5RMuszHTxfxDv2s3YbrvdarMVtrKYG%2FfZyLyyRMPlpJb48PO1A%2BTppgPQiXOBrD%2B7CiIGjRxP4nvnjmStgHXs5Pm1vH3Dcd89%2BBX9uusAA2EaeBHuBnBU90jyK7W8BZSwpmSJT3uAu1H0nWPDSccnGgk177ulVu1KrBA02YstjfeNX2XfDYNXucwZTlbhcdXk7CNqZpz3y68nRZQU0wnpZ8NiDtrpI4%2BmmWAdaWLi7ps1PObhfA5MZ5%2FByG5l1Pc1%2FfSu2dm1yvW1RN%2Bgpb5x%2FxKwz11sd55v96Jhy%2FyOuFtOfglv8KHVP7gqybcZyCk1ryjtu7luVfofnKAxGrRa9DK1Nc1U7hvFhiRpVt513XgvQQ0wb0pG7HGUz4nmRiKWzZNSkTqHPA7TawfF1qj%2FZu62xbfubgKjqb9I0rbMGd39Ly7flkT%2BKGiDfTQ%2FxoFwMwIFzUHx1uhQ9az%2BhE6LEDt2V2gpZN0bQVsDeRM4tpfh5OnfTfOASpMlxK4ZXseByQ%2F4oWSSkn4m%2BQern2DIdKCqwBBo4mxJPGYMFHlPxEfIWoeV3kEA7tyGNVKdB1JB9iFRay%2FZh4f7ZuG4cC4oX6tW3XFz8ro8ABuRyrkU%2FSnFNX8bhP87iBR83nvTJDAYfHyaHlGovHc62o%2Byc7B1vWyI%2Bnr5XiQBqHoHTYE06AnTEZAlHvT7D%2FQ9Unucr1eUknIm1GKDrZodUfcZnAL5XuaBMgYLhGdOdlw%3D%3D&checksum=313015014364717f3bfe6f2841499dea77ee698dd7d6"
"LUXURY GIFT,DETECTOR FIND&POLISHED,200-400 AD ROMAN AE AMULET WITH REAL GEMSTONE",,42,"birmingham, United Kingdom","britania.treasures","https://i.ebayimg.com/images/g/2QYAAOSwCeFeXB~f/s-l400.jpg","https://www.ebay.co.uk/itm/LUXURY-GIFT-DETECTOR-FIND-POLISHED-200-400-AD-ROMAN-AE-AMULET-WITH-REAL-GEMSTONE/313015056373?_trkparms=ispr%3D1&hash=item48e126b7f5:g:2QYAAOSwCeFeXB~f&enc=AQAEAAACQBPxNw%2BVj6nta7CKEs3N0qXclcr5OPkU0aa08qbycYtFcHWXgrwRIOv6nfcpC981GMzw9AHFNy5JwjCzICgJpKanOpSSwjybeOSgeOODIP5DSlYiFuqkIDlxU4ck%2BZ3TzaBmSRhMXKjAylt%2BIy%2B6Q2aLSw5KXRIh6f%2BQ7LUlZQDWvFD%2B5PlEvbSH9cse3lbaTac1be4kMgqAM7fgkJG5lsiE4Sn3b4nqGQkk2uyJlTgSRIadjq1ykS7P05NS7TjekzBG%2FoAwGJaLQITOWe5GS%2B2owf5anQaWRDTAYoEcX0rHtFH3l6tuw7FHviUGNOMpiK83wLSUV%2Bi2%2BkzsUL1ImuVF4erieSEWU%2FfoMDsNgNcIbkVIKMs8d7dAVmFr4GsksF0Jw10muQUYGOm5CgohasIRappfu62VcCKi31qnGTJ6guj1yLHsRKPx4APfA01QXwZYKSXS4IMlRdrvGgljsuQ%2Bz4LsE0MVVCDyp4H2DsOeMu%2FSaPNcrCj%2BJ1atyHPVYgF7Q2y1nLiL5LuRSu3sz%2BP65rsuAIoaSqZKSv9b5EXN7AF5WBLq6OidtatMqfutkb5iAD5pesFl52xYrYSJWjiwh6BqvUcKhEAe0Zk1b7X6eQl8J2jOhiY%2BTj0KTW79llei2%2Bh5tbnPcqZmC%2FsAgvT7JyaMHo%2Fz%2BVCUNJCh2zeoIB11uDTMwYrmgZLQrL659wdRP4L7beoyiFRpVW7g43MMnBZj61nX7MpxVg5b1dHCEOOh53RwzZEm%2Fn9gamSkUQ%3D%3D&checksum=313015056373717f3bfe6f2841499dea77ee698dd7d6"
"VERY RARE LARGE ANCIENT ROMAN BLUE GLASS VESSEL 1st Century A.D. (4)",,0.99,"Forest Row, East Sussex, United Kingdom","hands_of_history","https://i.ebayimg.com/images/g/IAUAAOSwgy1eZkBe/s-l400.jpg","https://www.ebay.co.uk/itm/VERY-RARE-LARGE-ANCIENT-ROMAN-BLUE-GLASS-VESSEL-1st-Century-A-D-4/313022917276?hash=item48e19eaa9c:g:IAUAAOSwgy1eZkBe"
"Metal detecting find. Silver hallmarked ring size L.",,0.99,"Market Rasen, United Kingdom","bronzebob100","https://i.ebayimg.com/images/g/pD4AAOSwPKReXj6B/s-l400.jpg","https://www.ebay.co.uk/itm/Metal-detecting-find-Silver-hallmarked-ring-size-L/274300902237?hash=item3fdd9b9b5d:g:pD4AAOSwPKReXj6B"
"Sterling Silver Turquoise Stone Pendant - Metal Detecting Find",,0.99,"Preston, United Kingdom","bumblebees_attic","https://i.ebayimg.com/images/g/ZX8AAOSwTn1eZSbD/s-l400.jpg","https://www.ebay.co.uk/itm/Sterling-Silver-Turquoise-Stone-Pendant-Metal-Detecting-Find/133355337881?hash=item1f0c98f899:g:ZX8AAOSwTn1eZSbD"
"Lovely Gold Tone Tooth Pendant - Metal Detecting Find",,0.99,"Preston, United Kingdom","bumblebees_attic","https://i.ebayimg.com/images/g/BKsAAOSwXqpeSZoE/s-l400.jpg","https://www.ebay.co.uk/itm/Lovely-Gold-Tone-Tooth-Pendant-Metal-Detecting-Find/133355351296?hash=item1f0c992d00:g:BKsAAOSwXqpeSZoE"
"ANCIENT ROMAN BRONZE OIL LAMP IN SHAPE OF BIRD 1ST CENTURY A.D. (4)",,0.99,"Forest Row, East Sussex, United Kingdom","hands_of_history","https://i.ebayimg.com/images/g/px0AAOSwj7heZnJe/s-l400.jpg","https://www.ebay.co.uk/itm/ANCIENT-ROMAN-BRONZE-OIL-LAMP-IN-SHAPE-OF-BIRD-1ST-CENTURY-A-D-4/313023062561?hash=item48e1a0e221:g:px0AAOSwj7heZnJe"
"Silver Tone Ring - Metal Detecting Find",,0.99,"Preston, United Kingdom","bumblebees_attic","https://i.ebayimg.com/images/g/a3AAAOSwaqFeZTKO/s-l400.jpg","https://www.ebay.co.uk/itm/Silver-Tone-Ring-Metal-Detecting-Find/133355335648?hash=item1f0c98efe0:g:a3AAAOSwaqFeZTKO"
"ANTIQUE VINTAGE VICTORIAN POCKET VEST CUP",,19.99,"Glasgow, United Kingdom","lewiscovintage","https://i.ebayimg.com/images/g/JJwAAOSwirVeZpcg/s-l400.jpg","https://www.ebay.co.uk/itm/ANTIQUE-VINTAGE-VICTORIAN-POCKET-VEST-CUP/124112319766?hash=item1ce5abb516:g:JJwAAOSwirVeZpcg"
"RARE ANCIENT ROMAN BRONZE PERIOD STATUE - 200-400 AD (7)",,0.99,"Forest Row, East Sussex, United Kingdom","hands_of_history","https://i.ebayimg.com/images/g/2h8AAOSw8JFeZm-N/s-l400.jpg","https://www.ebay.co.uk/itm/RARE-ANCIENT-ROMAN-BRONZE-PERIOD-STATUE-200-400-AD-7/313023055975?hash=item48e1a0c867:g:2h8AAOSw8JFeZm-N"
"Complete early Georgian Brass Nutcracker Metal Detecting 18th century",,9.99,"Liverpool, United Kingdom","woolton-coins_and_artifacts","https://i.ebayimg.com/images/g/EfcAAOSwE-VeZkdR/s-l400.jpg","https://www.ebay.co.uk/itm/Complete-early-Georgian-Brass-Nutcracker-Metal-Detecting-18th-century/254535759509?hash=item3b43837695:g:EfcAAOSwE-VeZkdR"
"ANCIENT PHOENICIAN GLASS MOSAIC GLASS PENDANT SET IN A GOLD GILT FRAME",,0.99,"Didcot, United Kingdom","antiquiti","https://i.ebayimg.com/images/g/TKgAAOSwsKReYLwn/s-l400.jpg","https://www.ebay.co.uk/itm/ANCIENT-PHOENICIAN-GLASS-MOSAIC-GLASS-PENDANT-SET-IN-A-GOLD-GILT-FRAME/153854312504?hash=item23d26e8038:g:TKgAAOSwsKReYLwn"
"METAL DETECTING FIND GEORGE 111 HALFPENNY\xc2\xa0 DATED 1799..",,1,"Carterton, United Kingdom","stewilke","https://i.ebayimg.com/images/g/ozAAAOSwQNNeZrIV/s-l400.jpg","https://www.ebay.co.uk/itm/METAL-DETECTING-FIND-GEORGE-111-HALFPENNY-DATED-1799/184204289614?hash=item2ae36e664e:g:ozAAAOSwQNNeZrIV"
"VERY RARE ANCIENT LURISTAN BRONZE MASTER OF ANIMALS STATUETTE - CIRCA 1000BCE",,2.2,"Beccles, United Kingdom","ancienthistoryltd","https://i.ebayimg.com/images/g/Mr4AAOSwS51eZTL3/s-l400.jpg","https://www.ebay.co.uk/itm/VERY-RARE-ANCIENT-LURISTAN-BRONZE-MASTER-OF-ANIMALS-STATUETTE-CIRCA-1000BCE/274300261700?hash=item3fdd91d544:g:Mr4AAOSwS51eZTL3"
"STUNNING TOP QUALITY POST MEDIEVAL SILVER RING WITH ORANGE STONE (5)",,0.99,"Forest Row, East Sussex, United Kingdom","hands_of_history","https://i.ebayimg.com/images/g/qnAAAOSwQO9eJaqf/s-l400.jpg","https://www.ebay.co.uk/itm/STUNNING-TOP-QUALITY-POST-MEDIEVAL-SILVER-RING-WITH-ORANGE-STONE-5/313022903123?hash=item48e19e7353:g:qnAAAOSwQO9eJaqf"
"VERY RARE LARGE PHOENICIAN GLASS ANIMAL HEAD BUST PENDANT 300BC SUPER QUALITY 2",,6,"Forest Row, East Sussex, United Kingdom","hands_of_history","https://i.ebayimg.com/images/g/WhYAAOSw~O1eZjKO/s-l400.jpg","https://www.ebay.co.uk/itm/VERY-RARE-LARGE-PHOENICIAN-GLASS-ANIMAL-HEAD-BUST-PENDANT-300BC-SUPER-QUALITY-2/313022860981?hash=item48e19dceb5:g:WhYAAOSw~O1eZjKO"
"ANCIENT ROMAN BRONZE OIL LAMP WITH HANDLE 1ST CENTURY A.D. (3)",,0.99,"Forest Row, East Sussex, United Kingdom","hands_of_history","https://i.ebayimg.com/images/g/3-cAAOSwkqBeZmIW/s-l400.jpg","https://www.ebay.co.uk/itm/ANCIENT-ROMAN-BRONZE-OIL-LAMP-WITH-HANDLE-1ST-CENTURY-A-D-3/313023017633?hash=item48e1a032a1:g:3-cAAOSwkqBeZmIW"
"STUNNING TOP QUALITY INTAGLIO SEAL STONE RING (8)",,0.99,"Forest Row, East Sussex, United Kingdom","hands_of_history","https://i.ebayimg.com/images/g/gkQAAOSwe-heZmuu/s-l400.jpg","https://www.ebay.co.uk/itm/STUNNING-TOP-QUALITY-INTAGLIO-SEAL-STONE-RING-8/313023046000?hash=item48e1a0a170:g:gkQAAOSwe-heZmuu"
"EUROPEAN FINDS CIRCA 200 - 300 AD ANCIENT ROMAN BRONZE SHEEP OR RAM FIGURINE",,0.99,"Didcot, United Kingdom","antiquiti","https://i.ebayimg.com/images/g/kuQAAOSwh3xeYLpK/s-l400.jpg","https://www.ebay.co.uk/itm/EUROPEAN-FINDS-CIRCA-200-300-AD-ANCIENT-ROMAN-BRONZE-SHEEP-OR-RAM-FIGURINE/153854309120?hash=item23d26e7300:g:kuQAAOSwh3xeYLpK"
"RARE Byzantine / Early Islamic Glazed Vessel c.1000 - 1200 AD",,0.99,"West Drayton, United Kingdom","clicknshop4u","https://i.ebayimg.com/images/g/bxwAAOSwaEdcQ4Bc/s-l400.jpg","https://www.ebay.co.uk/itm/RARE-Byzantine-Early-Islamic-Glazed-Vessel-c-1000-1200-AD/303496839127?hash=item46a9d23fd7:g:bxwAAOSwaEdcQ4Bc"
"RARE ANCIENT GREEK SILVER COIN RING (3)",,0.99,"Forest Row, East Sussex, United Kingdom","hands_of_history","https://i.ebayimg.com/images/g/RMAAAOSwMN5eQWT2/s-l400.jpg","https://www.ebay.co.uk/itm/RARE-ANCIENT-GREEK-SILVER-COIN-RING-3/313022932730?hash=item48e19ee6fa:g:RMAAAOSwMN5eQWT2"
"Superb Silver Tone Wiggly Ring - Metal Detecting Find",,0.99,"Preston, United Kingdom","bumblebees_attic","https://i.ebayimg.com/images/g/4U4AAOSwETteZR1l/s-l400.jpg","https://www.ebay.co.uk/itm/Superb-Silver-Tone-Wiggly-Ring-Metal-Detecting-Find/133355339279?hash=item1f0c98fe0f:g:4U4AAOSwETteZR1l"
"GENUINE ANCIENT BRONZE AGE RING MONEY (?)",,0.99,"Preston, United Kingdom","britannia-antiquities","https://i.ebayimg.com/images/g/HhIAAOSwqwReZRvQ/s-l400.jpg","https://www.ebay.co.uk/itm/GENUINE-ANCIENT-BRONZE-AGE-RING-MONEY/402147528368?hash=item5da1dc4eb0:g:HhIAAOSwqwReZRvQ"
"Ptolemaic kingdom Egyptian Bronze triple blade arrowhead Circa. 300 BC",,34.99,"Aberystwyth, United Kingdom","the_little_treasure_house","https://i.ebayimg.com/images/g/eIoAAOSwFhBeVRX7/s-l400.jpg","https://www.ebay.co.uk/itm/Ptolemaic-kingdom-Egyptian-Bronze-triple-blade-arrowhead-Circa-300-BC/324083962278?_trkparms=ispr%3D1&hash=item4b74e8d1a6:g:eIoAAOSwFhBeVRX7&enc=AQAEAAACQBPxNw%2BVj6nta7CKEs3N0qU0ypPYIjmm4Ow1iwyVEN64%2BfzB8J4vMndZU%2BcTvqrnOaILazZkmnaaNWdAc5trSI46nt17D4HPv76a%2FLlub6ChaCp084%2BgqMnCzr2g7FRvF4NyDx0x1buASaBocAiMjP86n1gmeuG2CvS%2Fchnr9UzMxCjtH6%2Fc%2BpMh4i0f%2BXaHSMfw0XYvkBMPeHVRGPIW8hqgyN28fx1ASeoU8oFDuAMixrYxbFF5bfx9aGbCDv2SHG8yBaZ78LuTnwsMNgG%2F2KiJwIh9nA%2Fbc%2FYB0xkm2S77Qph41aZAGj3hep5zUNUZnjrSzY4chuI4Mw4LMnE7xnBEHMdZ9VFtF2Ak7e%2Fhq4g%2FGCu4miVzOh7Ek6LM0dKMHA7eXxGgQarRecuyj5MHYDhXStAry2c1IY2YiHlCD8H7sPRC%2B8X%2F50lTfaiuk5yThqDWZMZy3P8mCeVID6cvG2YIXhG2WbZxMVyQ9ErrpumRuRiaT7hjOobSwM6GGXnLHfXRODQwd83Tyv3q0E14t9Bzgt0dTurRIJVRzgJBPX0snYe3jewZrRfHc9pqZuaffhG63Y6NbeF9T%2F5NzGhfIMZ5clXrTfPAtJeVnTM%2Bx%2BtCu7fdbpkFRfJA%2FmNiRo76VhNQejfskUB5IIb104nugmc6m%2B08Q2qQ2MMJeFJvHj%2FFj8ftv6VPFbkCMTZAD6IQJ1KJUMrfe3IuH4e%2F5g9eMpIlkVZW9DcoWWdXeWJGiJExDaY7ylJXJMldziip%2FEed9A%3D%3D&checksum=324083962278717f3bfe6f2841499dea77ee698dd7d6"
"Three Ancient Roman fishing weights 1st-3rd century ad, British finds",,15,"didcot, Oxfordshire, United Kingdom","art_from_antiquityy","https://i.ebayimg.com/images/g/iDIAAOSw32FeZpny/s-l400.jpg","https://www.ebay.co.uk/itm/Three-Ancient-Roman-fishing-weights-1st-3rd-century-ad-British-finds/223941433177?_trkparms=ispr%3D1&hash=item3423f31759:g:iDIAAOSw32FeZpny&enc=AQAEAAACQBPxNw%2BVj6nta7CKEs3N0qVodMoOlggphQ55wrcgNUzdPvtz8IlNDgPUCWEPuLaQOZohURPBwz1n66%2FFuB1e7VbYMGUn80RmByvKAwBSCbOG6RZUxB8P1wsezZN8riRFks8khNOIdoeX6U%2FMd%2BstzuaDOsHUR0KjiH49tCcgzB%2FDJHmpZRAwfofkF4yivvlrj1CUJLl3HnfD1xByon5OaveZ11%2FTckETC5DIu%2BP8pn%2B5naAoeWRCLxxGLmDgtIOzCT0o%2FASP6Ma%2BGAdpaMsJ3tkQbmP6%2BpbldJTgAIit%2FrYNUcqaHmICT%2B7aPN4WqkKCzwJ9aY6UhKkS8aRdPvaCddN9fya3aItmRl9nfyU3j9xk1tt2%2FjRpvSggCplWtHm7ep8bg1lM8%2Fg64DFVwh6r6VM6s64blDFiwvQTNbcBVNCze5F6b%2F9Qlf3ItQAlxfiaT87gkWNx1J1933%2FXgugtsa5I%2BmGfWVzGds3XjMzpFcbVIXs4GpDIcQG6kV3QgLPa4zTj80A3N3B7Y9COBFGx9JDcBoKtVlhshIKaNYb2UmcXmDEJndiJehSWCEaMD6tLSFCHY13izKgVhCkH7v4wff7VbSqG%2FD8bTe05gOMthU5X15bXmPdi%2B8MoLEGB17tgpBxvnDcpQUoJpxj64sg0G5UKNUeycatxG8xIfdUfxLj4VgnbPkni1r7afHGSnozDVPtnG1HmVrvKIpjIgoyJRflNerFNd7DGver1OIOMA9vbZKVc689%2BoCrKXKkPkYKn1A%3D%3D&checksum=223941433177717f3bfe6f2841499dea77ee698dd7d6"
"Very Fine Vintage  Peruvian manta cloth antique textiles",,125,"london, London, United Kingdom","arte-facto","https://i.ebayimg.com/images/g/sWEAAOSwyiJddQLe/s-l400.jpg","https://www.ebay.co.uk/itm/Very-Fine-Vintage-Peruvian-manta-cloth-antique-textiles/254353629972?_trkparms=ispr%3D1&hash=item3b38a86314:g:sWEAAOSwyiJddQLe&enc=AQAEAAACQBPxNw%2BVj6nta7CKEs3N0qUhCXoVJVJIw25oDCsBC93%2BlL%2FHSaZQISoQMLMhH11NESOwVCoLiI9L4HKsJwmqweRG%2BWL4TYgmjqJE9SFhKndTg3vDkj0Z%2BkVs14k3Z02oDX%2Fzqwm68%2B0lIg1zNBvFUkoa6DaLAkJJeD0YjjcoL58X5qDL6feQT1aZshO4vzbBwD3hZXRxWCeQWBwiUadQLwMBhfrfet5XFxXpCAJgGCULXW48UqgdgQn6mAmVqdEBya9jDAfdI2%2FX8vLjIMmwTE%2BSH0kxS6I4Z%2FP6ajm77OPN144Co1veSyzlkO44gnVrgnRBhdds5GsFtzYeVuVJn4B8ARwwaQpc%2BmFh9ZqpDaBTqf6I21N%2B%2F2Hzi4b3sO0lf%2BZJ0SIlv72l2uR%2B%2BFbydZtaob272hGjIzFyp4uJJOLP13%2F79IB0W3CV7UUzrK4ZG3RZnO%2Fu2FgX6yRU%2BvbVTfHej1Hupay7SSqunSIKS5poveJUgBAlo%2FBjqtxHbOWe0TPcRJbTGYShL8IughwEE%2BAKONy7LTjrcPm0O8DgZTfHfyYfePWKZRCyEYr50Ll3R8qzbnxIzUZLntMYgOvzDe76QdYXKo3YCOGr2NbT1BWhHpUMA7cjXswaz2kWS5qV4KRbpjF%2BqZc9xXgGj1U1%2F6UIhDPCg5Sr5tyeTdT4JrQ6wG0wVvsDodxFL01hBPQIVEZpJQNN4XwpZWM2iEb%2BIDEUdECBLtfoZtpWQMA6%2BAidyezn00Jjjn21PRukqpspcQ%3D%3D&checksum=254353629972c045e918c7fa47bd8886192e02034bd4"
